site_code,transect_Lat_start,transect_Lon_start,transect_Lat_stop,transect_Lon_stop,transect,plot,number_seedlings,plant_id,x_coord,y_coord,suspected_clone,survival,no_rosettes,rosette_number,no_leaves,leaf_length,leaf_width,no_fl_stems,fl_stem_height,inflor_length,inflor_phenology,disease (yes/no),disease_comments,herbivory (yes/no),herbivory_comments,other_comments,c_year,s_year
JSJ,33.80885,-116.77684 ,33.80882,-116.77688 ,T1,P1,16,1,15,6.5,,yes,1,1,10,137,13,3,"274, 359, 28","11, 15, 5","early bolt, 50%, early bolt",no,,,yellow tips 5%,,2016,Y1
JSJ,33.80885,-116.77684 ,33.80882,-116.77688 ,T1,P1,16,2,36.5,5,,yes,6,1,9,252,15,3,"462, 477, 270","24, 25, 11","40%, 50%, early bolt",no,,,no,,2016,Y1
JSJ,33.80885,-116.77684 ,33.80882,-116.77688 ,T1,P1,16,2,36.5,5,,yes,6,2,6,189,12,1,18,6,early bolt,no,,,no,,2016,Y1
JSJ,33.80885,-116.77684 ,33.80882,-116.77688 ,T1,P1,16,2,36.5,5,,yes,6,3,8,245,15,3,"505, 469, 18","27, 19, 7","80%, 50%, early bolt",no,,,no,,2016,Y1
JSJ,33.80885,-116.77684 ,33.80882,-116.77688 ,T1,P1,16,2,36.5,5,,yes,6,4,8,187,11,1,368,13,early bolt,no,,,grasshopper 1%,,2016,Y1
JSJ,33.80885,-116.77684 ,33.80882,-116.77688 ,T1,P1,16,2,36.5,5,,yes,6,5,8,205,15,4,"20, 462, 453, 430","5, 26, 22, 22","early bolt, 80%, 60%, 20%",no,,,grasshopper 3%,,2016,Y1
JSJ,33.80885,-116.77684 ,33.80882,-116.77688 ,T1,P1,16,2,36.5,5,,yes,6,6,6,208,14,2,"376, 372","18, 12","20%, early bolt",no,,,yellowing 5%,,2016,Y1
JSJ,33.80885,-116.77684 ,33.80882,-116.77688 ,T1,P1,16,3,12,41,,yes,8,1,7,178,12,2,"208, 359","8, 14","early bolt, 30%",no,,,no,,2016,Y1
JSJ,33.80885,-116.77684 ,33.80882,-116.77688 ,T1,P1,16,3,12,41,,yes,8,2,7,169,12,0,NA,NA,NA,no,,,no,,2016,Y1
JSJ,33.80885,-116.77684 ,33.80882,-116.77688 ,T1,P1,16,3,12,41,,yes,8,3,7,187,12,0,NA,NA,NA,no,,,herbivory 5%,,2016,Y1
JSJ,33.80885,-116.77684 ,33.80882,-116.77688 ,T1,P1,16,3,12,41,,yes,8,4,8,188,11,2,"385, 186","12, 8","early bolt, early bolt",no,,,yellowing 1%,,2016,Y1
JSJ,33.80885,-116.77684 ,33.80882,-116.77688 ,T1,P1,16,3,12,41,,yes,8,5,14,204,12,0,NA,NA,NA,no,,,yellowing 10%,,2016,Y1
JSJ,33.80885,-116.77684 ,33.80882,-116.77688 ,T1,P1,16,3,12,41,,yes,8,6,8,199,14,2,"106, 363","6, 14","early bolt, 10%",no,,,no,,2016,Y1
JSJ,33.80885,-116.77684 ,33.80882,-116.77688 ,T1,P1,16,3,12,41,,yes,8,7,8,219,16,2,"329, 50","11, 6","early bolt, early bolt",no,,,yellowing 5%,,2016,Y1
JSJ,33.80885,-116.77684 ,33.80882,-116.77688 ,T1,P1,16,3,12,41,,yes,8,8,8,201,15,2,"344, 347","11, 11","early bolt, early bolt",no,,,grasshopper 2%,,2016,Y1
JSJ,33.80885,-116.77684 ,33.80882,-116.77688 ,T1,P3,10,4,1,32,,yes,1,1,10,194,13,3,"119, 104, 272","7, 8, 10","early bolt, early bolt, early bolt",no,,,red 10%,,2016,Y1
JSJ,33.80885,-116.77684 ,33.80882,-116.77688 ,T1,P3,10,5,24,17,,yes,1,1,11,188,14,4,"372, 374, 414, 406","13, 15, 21, 11","90%, early bolt, 50%, 60%",no,,,red 5%,,2016,Y1
JSJ,33.80885,-116.77684 ,33.80882,-116.77688 ,T1,P3,10,6,22,17.5,,yes,1,1,8,144,10,3,"356, 340, 92","14, 10, 6","50%, 100%, early bolt",no,,,"red 5%, grasshopper 1%",,2016,Y1
JSJ,33.80885,-116.77684 ,33.80882,-116.77688 ,T1,P4,13,7,7.5,9,,yes,5,1,5,131,9,1,348,18,early bolt,no,,,grasshopper 3%,,2016,Y1
JSJ,33.80885,-116.77684 ,33.80882,-116.77688 ,T1,P4,13,7,7.5,9,,yes,5,2,5,142,10,1,404,20,early bolt,no,,,yellowing 7%,,2016,Y1
JSJ,33.80885,-116.77684 ,33.80882,-116.77688 ,T1,P4,13,7,7.5,9,,yes,5,3,16,163,11,6,"350, 384, 391, 418, 415, 6","18, 23, 23, 27, 25, 5","20%, 40%, 70%, 70%, 55%, early bolt",no,,,grasshopper 1%,,2016,Y1
JSJ,33.80885,-116.77684 ,33.80882,-116.77688 ,T1,P4,13,7,7.5,9,,yes,5,4,2,72,3,0,NA,NA,NA,no,,,brown 10%,,2016,Y1
JSJ,33.80885,-116.77684 ,33.80882,-116.77688 ,T1,P4,13,7,7.5,9,,yes,5,5,4,95,5,0,NA,NA,NA,no,,,no,,2016,Y1
JSJ,33.80885,-116.77684 ,33.80882,-116.77688 ,T1,P4,13,8,11,12,,no,NA,NA,NA,NA,NA,NA,NA,NA,NA,NA,,,NA,,2016,Y1
JSJ,33.80885,-116.77684 ,33.80882,-116.77688 ,T1,P4,13,9,3,28.5,,yes,1,1,9,152,11,4,"328, 423, 436, 428","15, 16, 25, 21","early bolt, 50%, 80%, 40%",no,,,no,,2016,Y1
JSJ,33.80885,-116.77684 ,33.80882,-116.77688 ,T1,P4,13,10,6.5,30,,yes,1,1,10,135,9,4,"319, 411, 437, 457","13, 12, 18, 20","early bolt, 60%, 90%, 60%",no,,,grasshopper 2%,,2016,Y1
JSJ,33.80885,-116.77684 ,33.80882,-116.77688 ,T1,P4,13,11,7,40,,yes,2,1,16,230,13,5,"361, 480, 436, 472, 482","17, 22, 30, 32, 30","30%, 65%, 90%, 100%, 95%",no,,,pock marks/browning 2%,,2016,Y1
JSJ,33.80885,-116.77684 ,33.80882,-116.77688 ,T1,P4,13,11,7,40,,yes,2,2,8,227,14,2,"288, 369","13, 19","early bolt, 50%",no,,,pock mark/browning 5%,,2016,Y1
JSJ,33.80885,-116.77684 ,33.80882,-116.77688 ,T1,P3,10,12,49,42,,yes,1,1,4,90,7,0,NA,NA,NA,no,,,red/brown 20%,,2016,Y1
JSJ,33.80885,-116.77684 ,33.80882,-116.77688 ,T1,P3,10,13,48,46,,yes,1,1,5,126,8,0,NA,NA,NA,no,,,red 10%,,2016,Y1
JSJ,33.80885,-116.77684 ,33.80882,-116.77688 ,T1,P4,13,14,46,2.5,,no,NA,NA,NA,NA,NA,NA,NA,NA,NA,NA,,,NA,,2016,Y1
JSJ,33.80885,-116.77684 ,33.80882,-116.77688 ,T1,P4,13,15,33,19,,yes,2,1,12,17,1,0,NA,NA,NA,no,,,withered,,2016,Y1
JSJ,33.80885,-116.77684 ,33.80882,-116.77688 ,T1,P4,13,15,33,19,,yes,2,2,12,135,7,0,NA,NA,NA,no,,,"withered, desicated",,2016,Y1
JSJ,33.80885,-116.77684 ,33.80882,-116.77688 ,T1,P6,8,16,2.5,22,,yes,6,1,11,183,13,3,"340, 405, 446","12, 12, 14","early bolt, early bolt, early bolt",no,,,yellow 2%,,2016,Y1
JSJ,33.80885,-116.77684 ,33.80882,-116.77688 ,T1,P6,8,16,2.5,22,,yes,6,2,6,115,4,0,NA,NA,NA,no,,,"grasshopper 10%, brown 5%",,2016,Y1
JSJ,33.80885,-116.77684 ,33.80882,-116.77688 ,T1,P6,8,16,2.5,22,,yes,6,3,12,145,8,0,NA,NA,NA,no,,,brown 2%,,2016,Y1
JSJ,33.80885,-116.77684 ,33.80882,-116.77688 ,T1,P6,8,16,2.5,22,,yes,6,4,5,118,6,0,NA,NA,NA,no,,,pock marked 5%,,2016,Y1
JSJ,33.80885,-116.77684 ,33.80882,-116.77688 ,T1,P6,8,16,2.5,22,,yes,6,5,7,169,8,0,NA,NA,NA,no,,,grasshopper 2%,,2016,Y1
JSJ,33.80885,-116.77684 ,33.80882,-116.77688 ,T1,P6,8,16,2.5,22,,yes,6,6,14,182,12,3,"387, 24, 35","14, 3, 5","early bolt, early bolt, early bolt",no,,,deer 80%,,2016,Y1
JSJ,33.80885,-116.77684 ,33.80882,-116.77688 ,T1,P6,8,17,15.5,7.5,,yes,1,1,7,147,9,3,"275, 302, 345","9, 8, 9","early bolt, 10%, 50%",no,,,red 10%,,2016,Y1
JSJ,33.80885,-116.77684 ,33.80882,-116.77688 ,T1,P6,8,18,24,3.5,,yes,1,1,12,168,12,4,"177, 390, 413, 440","8, 21, 22, 25","early bolt, 80%, 90%, 90%",no,,,"yellow 5%, pock marked 2%",,2016,Y1
JSJ,33.80885,-116.77684 ,33.80882,-116.77688 ,T1,P6,8,19,29.5,29,,yes,1,1,13,168,8,5,"421, 395, 345, 381, 17","inflorescence missing, inflorescence missing, 14, 16, 4","inflorescence missing, inflorescence missing, 20, 60, early bolt",no,,,"leaf miner 15%, grasshopper 1%",,2016,Y1
JSJ,33.80885,-116.77684 ,33.80882,-116.77688 ,T1,P7,18,20,4,34.5,,yes,4,1,3,96,6,0,NA,NA,NA,no,,,no,"Plant inside ring is dead, but clones outside ring still exist",2016,Y1
JSJ,33.80885,-116.77684 ,33.80882,-116.77688 ,T1,P7,18,20,4,34.5,,yes,4,2,5,125,11,0,NA,NA,NA,no,,,"grasshopper 2%, caterpillar 1%",,2016,Y1
JSJ,33.80885,-116.77684 ,33.80882,-116.77688 ,T1,P7,18,20,4,34.5,,yes,4,3,4,122,9,0,NA,NA,NA,no,,,grasshopper 5%,,2016,Y1
JSJ,33.80885,-116.77684 ,33.80882,-116.77688 ,T1,P7,18,20,4,34.5,,yes,4,4,6,130,13,0,NA,NA,NA,no,,,"yellow 15%, grasshopper 5%",,2016,Y1
JSJ,33.80885,-116.77684 ,33.80882,-116.77688 ,T1,P7,18,21,32.5,25,,yes,1,1,8,131,11,2,"462, 432","21, 18","90%, 70%",no,,,leaf miner 5%,,2016,Y1
JSJ,33.80885,-116.77684 ,33.80882,-116.77688 ,T1,P7,18,22,19,9.5,"23, 24, 25, 26, 27",yes,1,1,7,94,13,2,"280, 75","18, 6","30%, early bolt",no,,,no,,2016,Y1
JSJ,33.80885,-116.77684 ,33.80882,-116.77688 ,T1,P7,18,23,18.5,7,"22, 24, 25, 26, 27",yes,2,1,8,115,2,1,11,6,early bolt,no,,,yellow 10%,,2016,Y1
JSJ,33.80885,-116.77684 ,33.80882,-116.77688 ,T1,P7,18,23,18.5,7,"22, 24, 25, 26, 27",yes,2,2,7,109,14,0,NA,NA,NA,no,,,caterpillar 2%,,2016,Y1
JSJ,33.80885,-116.77684 ,33.80882,-116.77688 ,T1,P7,18,24,23,7.5,"22, 23, 25, 26, 27",yes,1,1,6,134,16,2,"276, 13","15, 6","early bolt, early bolt",no,,,caterpillar 2%,,2016,Y1
JSJ,33.80885,-116.77684 ,33.80882,-116.77688 ,T1,P7,18,25,25,1.5,"22, 23, 24, 26, 27",yes,2,1,5,112,18,1,267,9,early bolt,no,,,leaf miner 10%,,2016,Y1
JSJ,33.80885,-116.77684 ,33.80882,-116.77688 ,T1,P7,18,25,25,1.5,"22, 23, 24, 26, 27",yes,2,2,6,104,7,1,149,6,early bolt,no,,,grasshopper 2%,,2016,Y1
JSJ,33.80885,-116.77684 ,33.80882,-116.77688 ,T1,P7,18,26,26.5,6,"22, 23, 24, 25, 27",yes,1,1,8,120,11,3,"108, 321, 326","7, 15, 17","early bolt, early bolt, early bolt",no,,,"grasshopper 3%, caterpillar 2%, leaf miner 5%",,2016,Y1
JSJ,33.80885,-116.77684 ,33.80882,-116.77688 ,T1,P7,18,27,25,5,"22, 23, 24, 25, 26",yes,1,1,7,122,10,2,"106, 245","7, 9","early bolt, early bolt",no,,,caterpillar 2%,,2016,Y1
JSJ,33.80885,-116.77684 ,33.80882,-116.77688 ,T1,P7,18,28,36.5,26,,yes,4,1,10,154,10,0,NA,NA,NA,no,,,leaf miner 5%,,2016,Y1
JSJ,33.80885,-116.77684 ,33.80882,-116.77688 ,T1,P7,18,28,36.5,26,,yes,4,2,8,157,11,2,"240, 370","9, 12","early bolt, 25%",no,,,grasshopper 2%,,2016,Y1
JSJ,33.80885,-116.77684 ,33.80882,-116.77688 ,T1,P7,18,28,36.5,26,,yes,4,3,5,153,9,1,216,7,early bolt,no,,,grasshopper 3%,,2016,Y1
JSJ,33.80885,-116.77684 ,33.80882,-116.77688 ,T1,P7,18,28,36.5,26,,yes,4,4,9,141,10,2,"161, 318","9, 15","early bolt, 50%",no,,,brown 1%,,2016,Y1
JSJ,33.80885,-116.77684 ,33.80882,-116.77688 ,T1,P8,4,29,20.5,18,,yes,2,1,8,147,12,2,"396, 244","17, 11","60%, early bolt",no,,,"yellowing 15%, leaf miner 10%",,2016,Y1
JSJ,33.80885,-116.77684 ,33.80882,-116.77688 ,T1,P8,4,29,20.5,18,,yes,2,2,7,146,11,2,"206, 324","9, 10","early bolt, 60%",no,,,leaf miner 5%,,2016,Y1
JSJ,33.80885,-116.77684 ,33.80882,-116.77688 ,T1,P8,4,30,46,44,,yes,2,1,7,137,13,2,"274, 296","9, 10","40%, early bolt",no,,,no,,2016,Y1
JSJ,33.80885,-116.77684 ,33.80882,-116.77688 ,T1,P8,4,30,46,44,,yes,2,2,8,140,14,4,"39, 281, 133, 134","6, 11, 11, 12","early bolt, 50%, 50%, 10%",no,,,pock mark/browning 3%,,2016,Y1
JSJ,33.80885,-116.77684 ,33.80882,-116.77688 ,T1,P9,5,31,7,45.5,,yes,1,1,16,164,15,5,"15, 14, 303, 307, 374","7, 4, 15, 16, 19","early bolt, early bolt, 20%, 20% , 50%",no,,,grasshopper 5%,,2016,Y1
JSJ,33.80885,-116.77684 ,33.80882,-116.77688 ,T1,P9,5,32,4.5,21,33,yes,1,1,5,144,10,1,123,8,early bolt,no,,,grasshopper 30%,,2016,Y1
JSJ,33.80885,-116.77684 ,33.80882,-116.77688 ,T1,P9,5,33,1.5,18.5,32,yes,1,1,14,215,16,4,"329, 436, 476, 474","16, 23, 30, 26","early bolt, early bolt, 90%, 50%",no,,,"leaf miner 10%, yellow 5%",,2016,Y1
JSJ,33.80885,-116.77684 ,33.80882,-116.77688 ,T1,P9,5,34,14,12,,yes,1,1,9,109,13,1,187,8,early bolt,no,,,grasshopper 1%,,2016,Y1
JSJ,33.80885,-116.77684 ,33.80882,-116.77688 ,T1,P9,5,35,26,4.5,,yes,1,1,7,82,10,2,"11, 110","4, 6","early bolt, early bolt",no,,,no,,2016,Y1
JSJ,33.80885,-116.77684 ,33.80882,-116.77688 ,T1,P9,5,36,19,16,,yes,1,1,10,198,14,4,"18, 446, 491, 478","6, 17, 20, 118","early bolt, early bolt, 50%, 60%",no,,,deer 3%,,2016,Y1
JSJ,33.80885,-116.77684 ,33.80882,-116.77688 ,T1,P9,5,37,31,14,,yes,1,1,9,126,10,2,"190, 330","9, 13","early bolt, early bolt",no,,,"yellow 2%, leaf miner 2%",,2016,Y1
JSJ,33.80885,-116.77684 ,33.80882,-116.77688 ,T1,P10,6,38,27,18.5,,no,NA,NA,NA,NA,NA,NA,NA,NA,NA,NA,,,NA,,2016,Y1
JSJ,33.80885,-116.77684 ,33.80882,-116.77688 ,T1,P10,6,39,39,40,,yes,5,1,5,82,5,0,NA,NA,NA,no,,,grasshopper 5%,main rosette dead and many little leaves coming up around it,2016,Y1
JSJ,33.80885,-116.77684 ,33.80882,-116.77688 ,T1,P10,6,39,39,40,,yes,5,2,5,122,8,0,NA,NA,NA,no,,,"grasshopper 3%, deer 15%",,2016,Y1
JSJ,33.80885,-116.77684 ,33.80882,-116.77688 ,T1,P10,6,39,39,40,,yes,5,3,5,107,6,0,NA,NA,NA,no,,,deer 10%,,2016,Y1
JSJ,33.80885,-116.77684 ,33.80882,-116.77688 ,T1,P10,6,39,39,40,,yes,5,4,13,114,6,0,NA,NA,NA,no,,,grasshopper 5%,,2016,Y1
JSJ,33.80885,-116.77684 ,33.80882,-116.77688 ,T1,P10,6,39,39,40,,yes,5,5,4,112,8,0,NA,NA,NA,no,,,grasshopper 10%,,2016,Y1
JSJ,33.80885,-116.77684 ,33.80882,-116.77688 ,T1,P11,4,40,17,32.5,,yes,1,1,18,174,16,7,"287, 384, 406, 441, 459, 480, 482","14, 19, 23, 27, 33, 36, 33","early bolt, early bolt, 20%, 60%, 85%, 70%, 50%",no,,,"caterpillar 3%, grasshopper 1%",,2016,Y1
JSJ,33.80885,-116.77684 ,33.80882,-116.77688 ,T1,P11,4,41,24,33,,yes,3,1,6,118,8,0,NA,NA,NA,no,,,caterpillar 2%,,2016,Y1
JSJ,33.80885,-116.77684 ,33.80882,-116.77688 ,T1,P11,4,41,24,33,,yes,3,2,10,171,13,4,"10, 24, 221, 345","6, 5, 12, 17","early bolt, ylw, early bolt, 10%",no,,,caterpillar 4%,,2016,Y1
JSJ,33.80885,-116.77684 ,33.80882,-116.77688 ,T1,P11,4,41,24,33,,yes,3,3,8,129,9,1,147,9,early bolt,no,,,"red 1%, grasshopper 1%",,2016,Y1
JSJ,33.80885,-116.77684 ,33.80882,-116.77688 ,T1,P11,4,42,43.5,2,,yes,1,1,8,159,9,1,112,5,early bolt,no,,,yellow 5%,,2016,Y1
JSJ,33.80885,-116.77684 ,33.80882,-116.77688 ,T1,P11,4,43,41,5,,yes,1,1,6,103,8,0,NA,NA,NA,no,,,grasshopper 3%,,2016,Y1
JSJ,33.80885,-116.77684 ,33.80882,-116.77688 ,T1,P13,4,43,41,5,,yes,1,1,16,115,9,2,"304, 74","11, 5","early bolt, early bolt",no,,,"red 10%, caterpillar 2%",,2016,Y1
JSJ,33.80885,-116.77684 ,33.80882,-116.77688 ,T1,P12,5,44,40.5,42.5,45,yes,1,1,10,139,10,3,"188, 176, 24","8, 8, 5","early bolt, early bolt, early bolt",no,,,"grasshopper 1%, caterpillar 1%",,2016,Y1
JSJ,33.80885,-116.77684 ,33.80882,-116.77688 ,T1,P12,5,45,38,45.5,44,yes,3,1,7,178,10,0,NA,NA,NA,no,,,"grasshopper 1%, leaf miner 10%",,2016,Y1
JSJ,33.80885,-116.77684 ,33.80882,-116.77688 ,T1,P12,5,45,38,45.5,44,yes,3,2,8,130,9,1,14,5,early bolt,no,,,grasshopper 5%,,2016,Y1
JSJ,33.80885,-116.77684 ,33.80882,-116.77688 ,T1,P12,5,45,38,45.5,44,yes,3,3,8,185,12,2,"240, 14","8, 5","early bolt, early bolt",no,,,grasshopper 2%,,2016,Y1
JSJ,33.80885,-116.77684 ,33.80882,-116.77688 ,T1,P12,5,47,22.5,9,,yes,2,1,8,122,8,2,"98, 271","5, 9","early bolt, 20%",no,,,grasshopper 2%,,2016,Y1
JSJ,33.80885,-116.77684 ,33.80882,-116.77688 ,T1,P12,5,47,22.5,9,,yes,2,2,13,165,11,5,"15, 333, 332, 422, 479","5, 11, 12, 17, 20","early bolt, early bolt, early bolt, 20%, 30%",no,,,no,,2016,Y1
JSJ,33.80885,-116.77684 ,33.80882,-116.77688 ,T1,P12,5,48,41.5,9,,no,NA,NA,NA,NA,NA,NA,NA,NA,NA,NA,,,NA,,2016,Y1
JSJ,33.80885,-116.77684 ,33.80882,-116.77688 ,T1,P13,4,49,0.5,15.5,,yes,1,1,7,102,9,2,"171, 245","7, 5","early bolt, 90%",no,,,"red 2%, yellow 5%, caterpillar 2%",,2016,Y1
JSJ,33.80885,-116.77684 ,33.80882,-116.77688 ,T1,P13,4,50,21,29.5,,no,NA,NA,NA,NA,NA,NA,NA,NA,NA,NA,,,NA,,2016,Y1
JSJ,33.80885,-116.77684 ,33.80882,-116.77688 ,T1,P13,4,51,15.5,6.5,,yes,4,1,8,117,11,0,NA,NA,NA,no,,,no,,2016,Y1
JSJ,33.80885,-116.77684 ,33.80882,-116.77688 ,T1,P13,4,51,15.5,6.5,,yes,4,2,5,81,7,0,NA,NA,NA,no,,,no,,2016,Y1
JSJ,33.80885,-116.77684 ,33.80882,-116.77688 ,T1,P13,4,51,15.5,6.5,,yes,4,3,14,109,10,0,NA,NA,NA,no,,,caterpillar 2%,,2016,Y1
JSJ,33.80885,-116.77684 ,33.80882,-116.77688 ,T1,P13,4,51,15.5,6.5,,yes,4,4,10,96,11,0,NA,NA,NA,no,,,yellow 5%,,2016,Y1
JSJ,33.80885,-116.77684 ,33.80882,-116.77688 ,T1,P13,4,52,19.5,40.5,,yes,1,1,9,159,17,1,199,8,early bolt,no,,,red 5%,,2016,Y1
JSJ,33.80885,-116.77684 ,33.80882,-116.77688 ,T1,P18,0,53,44.5,2.5,,yes,1,1,7,131,12,1,7,4,early bolt,no,,,"deer 20%, red 7%",,2016,Y1
JSJ,33.80885,-116.77684 ,33.80882,-116.77688 ,T1,P5,19,105,20,1.5,,yes,8,1,11,162,17,4,"303, 318, 375, 408","12, 12, 15, 14","early bolt, early bolt, 20%, 30%",no,,,deer 20%,,2016,Y1
JSJ,33.80885,-116.77684 ,33.80882,-116.77688 ,T1,P5,19,105,20,1.5,,yes,8,2,9,184,12,3,"76, 84, 89","6, inflorescence missing, inflorescence missing","early bolt, inflorescence missing, inflorescence missing",no,,,deer 30%,,2016,Y1
JSJ,33.80885,-116.77684 ,33.80882,-116.77688 ,T1,P5,19,105,20,1.5,,yes,8,3,8,182,10,1,56,5,early bolt,no,,,deer 20%,,2016,Y1
JSJ,33.80885,-116.77684 ,33.80882,-116.77688 ,T1,P5,19,105,20,1.5,,yes,8,4,7,164,13,3,"92, 50, 274","inflorescence missing, 4, 9","inflorescence missing, early bolt, early bolt",no,,,deer 40%,,2016,Y1
JSJ,33.80885,-116.77684 ,33.80882,-116.77688 ,T1,P5,19,105,20,1.5,,yes,8,5,6,165,11,2,"18, 5","5, 5","early bolt, early bolt",no,,,"deer 50%, yellow 10%",,2016,Y1
JSJ,33.80885,-116.77684 ,33.80882,-116.77688 ,T1,P5,19,105,20,1.5,,yes,8,6,6,190,11,1,164,6,early bolt,no,,,deer 40%,,2016,Y1
JSJ,33.80885,-116.77684 ,33.80882,-116.77688 ,T1,P5,19,105,20,1.5,,yes,8,7,9,175,15,3,"307, 76, 85","11, 5, inflorescence missing","early bolt, early bolt, inflorescence missing",no,,,deer 70%,,2016,Y1
JSJ,33.80885,-116.77684 ,33.80882,-116.77688 ,T1,P5,19,105,20,1.5,,yes,8,8,8,139,9,1,151,6,early bolt,no,,,deer 70%,,2016,Y1
JSJ,33.80885,-116.77684 ,33.80882,-116.77688 ,T1,P1,16,201,22,15,,yes,1,1,6,171,10,0,NA,NA,NA,no,,,yellowing 5%,,2016,Y1
JSJ,33.80885,-116.77684 ,33.80882,-116.77688 ,T1,P3,10,202,2,1,,yes,1,1,8,122,9,0,NA,NA,NA,no,,,grasshopper 1%,,2016,Y1
JSJ,33.80885,-116.77684 ,33.80882,-116.77688 ,T1,P3,10,203,25.5,33,,yes,1,1,7,162,8,0,NA,NA,NA,no,,,brown 3%,,2016,Y1
JSJ,33.80885,-116.77684 ,33.80882,-116.77688 ,T1,P4,13,204,43.5,49,,yes,1,1,9,155,12,0,NA,NA,NA,no,,,grasshopper 1%,,2016,Y1
JSJ,33.80885,-116.77684 ,33.80882,-116.77688 ,T1,P6,8,205,35.5,49.5,,yes,1,1,10,191,11,2,"76, 293","6, 12","early bolt, early bolt",no,,,grasshopper 1%,,2016,Y1
JSJ,33.80885,-116.77684 ,33.80882,-116.77688 ,T1,P7,18,206,19.5,46,,yes,1,1,3,149,7,0,NA,NA,NA,no,,,grasshopper 1%,,2016,Y1
JSJ,33.80885,-116.77684 ,33.80882,-116.77688 ,T1,P7,18,207,12.5,48,,yes,1,1,4,121,5,0,NA,NA,NA,no,,,no,,2016,Y1
JSJ,33.80885,-116.77684 ,33.80882,-116.77688 ,T1,P8,4,208,12.5,28,,yes,1,1,9,135,11,1,26,10,early bolt,no,,,"grasshopper 1%, caterpillar 1%",seedling also within circle,2016,Y1
JSJ,33.80885,-116.77684 ,33.80882,-116.77688 ,T1,P8,4,209,21,32,,yes,1,1,5,94,10,0,NA,NA,NA,no,,,yellow 2%,,2016,Y1
JSJ,33.80885,-116.77684 ,33.80882,-116.77688 ,T1,P10,6,210,21.5,13,,yes,1,1,5,105,9,0,NA,NA,NA,no,,,caterpiller 1%,,2016,Y1
JSJ,33.80885,-116.77684 ,33.80882,-116.77688 ,T1,P11,4,211,21,45,,yes,1,1,5,116,6,0,NA,NA,NA,no,,,no,,2016,Y1
JSJ,33.80885,-116.77684 ,33.80882,-116.77688 ,T1,P14,10,212,24.5,37.5,,yes,1,1,4,94,5,0,NA,NA,NA,no,,,grasshopper 5%,,2016,Y1
JSJ,33.80885,-116.77684 ,33.80882,-116.77688 ,T1,P14,10,44b,2.5,25.5,,yes,1,1,18,125,12,3,"295, 209, 164","7, 7, 8","early bolt, early bolt, early bolt",no,,,red 2%,,2016,Y1
JSJ,33.80885,-116.77684 ,33.80882,-116.77688 ,T1,P14,10,45b,22,4.5,,yes,1,1,7,85,9,1,69,8,early bolt,no,,,"yellow 5%, grasshopper 2%",,2016,Y1
JSJ,33.80885,-116.77684 ,33.80882,-116.77688 ,T1,P14,10,46b,31.5,17.5,,yes,1,1,8,130,10,1,184,7,early bolt,no,,,grasshopper 1%,,2016,Y1
JSJ,33.80885,-116.77684 ,33.80882,-116.77688 ,T1,P14,10,47b,38,16,,yes,2,1,17,157,11,1,79,6,early bolt,no,,,brown 5%,,2016,Y1
JSJ,33.80885,-116.77684 ,33.80882,-116.77688 ,T1,P14,10,47b,38,16,,yes,2,2,9,124,9,2,"69, 51","8, 6","early bolt, early bolt",no,,,"brown 5%, pock marked 2%, grasshopper 2%",,2016,Y1
JSJ,33.80885,-116.77684 ,33.80882,-116.77688 ,T1,P15,2,48b,29,42.5,,yes,2,1,5,114,8,0,NA,NA,NA,no,,,"deer 20%, brown 5%",,2016,Y1
JSJ,33.80885,-116.77684 ,33.80882,-116.77688 ,T1,P15,2,48b,29,42.5,,yes,2,2,5,97,6,0,NA,NA,NA,no,,,brown 5%,,2016,Y1
JSJ,33.80885,-116.77684 ,33.80882,-116.77688 ,T1,P17,7,49b,38,2,,yes,1,1,10,125,9,0,NA,NA,NA,no,,,red 3%,,2016,Y1
JSJ,33.80885,-116.77684 ,33.80882,-116.77688 ,T1,P17,7,50b,41,32,,yes,1,1,15,185,15,5,"328, 439, 465, 21, 13","11, 18, 20, 6, 4","early bolt, early bolt,15%, early bolt, early bolt",no,,,"yellow 2%, leaf miner 1%",,2016,Y1
JSJ,33.80885,-116.77684 ,33.80882,-116.77688 ,T1,P18,0,51b,4,8.5,,yes,1,1,7,185,7,2,"35, 59","5, 5","early bolt, early bolt",no,,,caterpiller 1%,second inflourecense stalk dead,2016,Y1
JSJ,33.80885,-116.77684 ,33.80882,-116.77688 ,T1,P18,0,52b,13,14.5,,yes,1,1,5,147,11,2,"8, 305","5, 8","early bolt, 30%",no,,,yellow tips 3%,,2016,Y1
JSJ,33.80897,-116.77680 ,33.80898,-116.77680 ,T2,P1,1,54,3.5,30.5,,yes,12,1,5,164,9,0,NA,NA,NA,no,,,pock marked 10%,This plant's tag was moved off the plant with disturbed soil at the base of the plant and many small leaves and rosettes,2016,Y1
JSJ,33.80897,-116.77680 ,33.80898,-116.77680 ,T2,P1,1,54,3.5,30.5,,yes,12,2,4,122,4,0,NA,NA,NA,no,,,"pock marked 5%, grasshopper 1%",,2016,Y1
JSJ,33.80897,-116.77680 ,33.80898,-116.77680 ,T2,P1,1,54,3.5,30.5,,yes,12,3,4,115,4,0,NA,NA,NA,no,,,no,,2016,Y1
JSJ,33.80897,-116.77680 ,33.80898,-116.77680 ,T2,P1,1,54,3.5,30.5,,yes,12,4,5,127,4,0,NA,NA,NA,no,,,pock marked 5%,,2016,Y1
JSJ,33.80897,-116.77680 ,33.80898,-116.77680 ,T2,P1,1,54,3.5,30.5,,yes,12,5,4,156,7,0,NA,NA,NA,no,,,"pock marked 5%, grasshopper 2%",,2016,Y1
JSJ,33.80897,-116.77680 ,33.80898,-116.77680 ,T2,P1,1,54,3.5,30.5,,yes,12,6,4,141,5,0,NA,NA,NA,no,,,leaf miner 10%,,2016,Y1
JSJ,33.80897,-116.77680 ,33.80898,-116.77680 ,T2,P1,1,54,3.5,30.5,,yes,12,7,5,168,6,0,NA,NA,NA,no,,,leaf miner 5%,,2016,Y1
JSJ,33.80897,-116.77680 ,33.80898,-116.77680 ,T2,P1,1,54,3.5,30.5,,yes,12,8,3,124,5,0,NA,NA,NA,no,,,brown 2%,,2016,Y1
JSJ,33.80897,-116.77680 ,33.80898,-116.77680 ,T2,P1,1,54,3.5,30.5,,yes,12,9,3,120,4,0,NA,NA,NA,no,,,brown 2%,,2016,Y1
JSJ,33.80897,-116.77680 ,33.80898,-116.77680 ,T2,P1,1,54,3.5,30.5,,yes,12,10,3,109,3,0,NA,NA,NA,no,,,no,,2016,Y1
JSJ,33.80897,-116.77680 ,33.80898,-116.77680 ,T2,P1,1,54,3.5,30.5,,yes,12,11,4,91,3,0,NA,NA,NA,no,,,no,,2016,Y1
JSJ,33.80897,-116.77680 ,33.80898,-116.77680 ,T2,P1,1,54,3.5,30.5,,yes,12,12,3,119,4,0,NA,NA,NA,no,,,brown 2%,,2016,Y1
JSJ,33.80897,-116.77680 ,33.80898,-116.77680 ,T2,P1,1,55,21,28,,no,NA,NA,NA,NA,NA,NA,NA,NA,NA,NA,,,NA,,2016,Y1
JSJ,33.80897,-116.77680 ,33.80898,-116.77680 ,T2,P1,1,56,24,30,,no,NA,NA,NA,NA,NA,NA,NA,NA,NA,NA,,,NA,,2016,Y1
JSJ,33.80897,-116.77680 ,33.80898,-116.77680 ,T2,P1,1,57,7.5,15.5,,yes,12,1,5,199,10,0,NA,NA,NA,no,,,"pock marked 2%, caterpillar 30%",,2016,Y1
JSJ,33.80897,-116.77680 ,33.80898,-116.77680 ,T2,P1,1,57,7.5,15.5,,yes,12,2,3,130,6,0,NA,NA,NA,no,,,pock marked 20%,,2016,Y1
JSJ,33.80897,-116.77680 ,33.80898,-116.77680 ,T2,P1,1,57,7.5,15.5,,yes,12,3,4,142,7,0,NA,NA,NA,no,,,grasshopper 15%,,2016,Y1
JSJ,33.80897,-116.77680 ,33.80898,-116.77680 ,T2,P1,1,57,7.5,15.5,,yes,12,4,4,162,7,0,NA,NA,NA,no,,,no,,2016,Y1
JSJ,33.80897,-116.77680 ,33.80898,-116.77680 ,T2,P1,1,57,7.5,15.5,,yes,12,5,4,176,9,0,NA,NA,NA,no,,,caterpillar 2%,,2016,Y1
JSJ,33.80897,-116.77680 ,33.80898,-116.77680 ,T2,P1,1,57,7.5,15.5,,yes,12,6,3,164,6,0,NA,NA,NA,no,,,yellow 2%,,2016,Y1
JSJ,33.80897,-116.77680 ,33.80898,-116.77680 ,T2,P1,1,57,7.5,15.5,,yes,12,7,4,186,9,0,NA,NA,NA,no,,,no,,2016,Y1
JSJ,33.80897,-116.77680 ,33.80898,-116.77680 ,T2,P1,1,57,7.5,15.5,,yes,12,8,4,194,10,0,NA,NA,NA,no,,,no,,2016,Y1
JSJ,33.80897,-116.77680 ,33.80898,-116.77680 ,T2,P1,1,57,7.5,15.5,,yes,12,9,4,109,3,0,NA,NA,NA,no,,,grasshopper 20%,,2016,Y1
JSJ,33.80897,-116.77680 ,33.80898,-116.77680 ,T2,P1,1,57,7.5,15.5,,yes,12,10,3,119,4,0,NA,NA,NA,no,,,leaf miner 5%,,2016,Y1
JSJ,33.80897,-116.77680 ,33.80898,-116.77680 ,T2,P1,1,57,7.5,15.5,,yes,12,11,2,131,5,0,NA,NA,NA,no,,,no,,2016,Y1
JSJ,33.80897,-116.77680 ,33.80898,-116.77680 ,T2,P1,1,57,7.5,15.5,,yes,12,12,2,42,5,0,NA,NA,NA,no,,,grasshopper 30%,,2016,Y1
JSJ,33.80897,-116.77680 ,33.80898,-116.77680 ,T2,P2,1,58,45,10.5,,yes,1,1,1,23,2,0,NA,NA,NA,no,,,herbivory 10%,,2016,Y1
JSJ,33.80897,-116.77680 ,33.80898,-116.77680 ,T2,P3,12,59,24.5,3,,yes,8,1,5,159,9,0,NA,NA,NA,no,,,"grasshopper 1%, caterpillar 1%, brown 2%","coordinates wrong, corrected here",2016,Y1
JSJ,33.80897,-116.77680 ,33.80898,-116.77680 ,T2,P3,12,59,24.5,3,,yes,8,2,3,85,5,0,NA,NA,NA,no,,,"brown 2%, grasshopper 5%",,2016,Y1
JSJ,33.80897,-116.77680 ,33.80898,-116.77680 ,T2,P3,12,59,24.5,3,,yes,8,3,4,108,7,0,NA,NA,NA,no,,,pock marked 10%,,2016,Y1
JSJ,33.80897,-116.77680 ,33.80898,-116.77680 ,T2,P3,12,59,24.5,3,,yes,8,4,3,104,5,0,NA,NA,NA,no,,,no,,2016,Y1
JSJ,33.80897,-116.77680 ,33.80898,-116.77680 ,T2,P3,12,59,24.5,3,,yes,8,5,3,63,3,0,NA,NA,NA,no,,,no,,2016,Y1
JSJ,33.80897,-116.77680 ,33.80898,-116.77680 ,T2,P3,12,59,24.5,3,,yes,8,6,4,81,4,0,NA,NA,NA,no,,,no,,2016,Y1
JSJ,33.80897,-116.77680 ,33.80898,-116.77680 ,T2,P3,12,59,24.5,3,,yes,8,7,5,138,8,0,NA,NA,NA,no,,,brown 3%,,2016,Y1
JSJ,33.80897,-116.77680 ,33.80898,-116.77680 ,T2,P3,12,59,24.5,3,,yes,8,8,3,12,7,0,NA,NA,NA,no,,,brown 3%,,2016,Y1
JSJ,33.80897,-116.77680 ,33.80898,-116.77680 ,T2,P3,12,60,1.5,28,,yes,1,1,4,65,4,0,NA,NA,NA,no,,,yellow 25%,,2016,Y1
JSJ,33.80897,-116.77680 ,33.80898,-116.77680 ,T2,P3,12,61,35,25,,no,NA,NA,NA,NA,NA,NA,NA,NA,NA,NA,,,NA,,2016,Y1
JSJ,33.80897,-116.77680 ,33.80898,-116.77680 ,T2,P3,12,62,25,21.5,,no,NA,NA,NA,NA,NA,NA,NA,NA,NA,NA,,,NA,,2016,Y1
JSJ,33.80897,-116.77680 ,33.80898,-116.77680 ,T2,P3,12,63,35,10.5,,yes,5,1,4,148,9,0,NA,NA,NA,no,,,no,,2016,Y1
JSJ,33.80897,-116.77680 ,33.80898,-116.77680 ,T2,P3,12,63,35,10.5,,yes,5,2,3,70,6,0,NA,NA,NA,no,,,grasshopper 10%,,2016,Y1
JSJ,33.80897,-116.77680 ,33.80898,-116.77680 ,T2,P3,12,63,35,10.5,,yes,5,3,3,69,3,0,NA,NA,NA,no,,,grasshopper 20%,,2016,Y1
JSJ,33.80897,-116.77680 ,33.80898,-116.77680 ,T2,P3,12,63,35,10.5,,yes,5,4,6,190,12,0,NA,NA,NA,no,,,"grasshopper 10%, yellow 5%",,2016,Y1
JSJ,33.80897,-116.77680 ,33.80898,-116.77680 ,T2,P3,12,63,35,10.5,,yes,5,5,6,199,11,0,NA,NA,NA,no,,,no,,2016,Y1
JSJ,33.80897,-116.77680 ,33.80898,-116.77680 ,T2,P4,11,64,0.5,11,,yes,3,1,3,44,3,0,NA,NA,NA,no,,,grasshopper 20%,,2016,Y1
JSJ,33.80897,-116.77680 ,33.80898,-116.77680 ,T2,P4,11,64,0.5,11,,yes,3,2,3,21,4,0,NA,NA,NA,no,,,deer 50% ,,2016,Y1
JSJ,33.80897,-116.77680 ,33.80898,-116.77680 ,T2,P4,11,64,0.5,11,,yes,3,3,5,74,5,0,NA,NA,NA,no,,,"grasshopper 5%, yellow 10%",,2016,Y1
JSJ,33.80897,-116.77680 ,33.80898,-116.77680 ,T2,P4,11,95,18,11,,yes,4,1,8,200,16,0,NA,NA,NA,no,,,"pock marked 10%, caterpillar 5%",,2016,Y1
JSJ,33.80897,-116.77680 ,33.80898,-116.77680 ,T2,P4,11,95,18,11,,yes,4,2,4,112,4,0,NA,NA,NA,no,,,grasshopper 3%,,2016,Y1
JSJ,33.80897,-116.77680 ,33.80898,-116.77680 ,T2,P4,11,95,18,11,,yes,4,3,2,96,5,0,NA,NA,NA,no,,,no,,2016,Y1
JSJ,33.80897,-116.77680 ,33.80898,-116.77680 ,T2,P4,11,95,18,11,,yes,4,4,2,93,4,0,NA,NA,NA,no,,,brown 5%,,2016,Y1
JSJ,33.80897,-116.77680 ,33.80898,-116.77680 ,T2,P5,7,96,4,11,,yes,1,1,5,39,2,0,NA,NA,NA,no,,,yellow 5%,"main plant gone, 2 seedlings in circle as well, gopher activity",2016,Y1
JSJ,33.80897,-116.77680 ,33.80898,-116.77680 ,T2,P5,7,97,26.5,3,,yes,9,1,3,133,8,0,NA,NA,NA,no,,,brown 30%,gopher activity,2016,Y1
JSJ,33.80897,-116.77680 ,33.80898,-116.77680 ,T2,P5,7,97,26.5,3,,yes,9,2,3,168,10,0,NA,NA,NA,no,,,pock marked 10%,,2016,Y1
JSJ,33.80897,-116.77680 ,33.80898,-116.77680 ,T2,P5,7,97,26.5,3,,yes,9,3,3,96,5,0,NA,NA,NA,no,,,yellow 40%,,2016,Y1
JSJ,33.80897,-116.77680 ,33.80898,-116.77680 ,T2,P5,7,97,26.5,3,,yes,9,4,4,188,8,0,NA,NA,NA,no,,,brown 1%,,2016,Y1
JSJ,33.80897,-116.77680 ,33.80898,-116.77680 ,T2,P5,7,97,26.5,3,,yes,9,5,5,157,9,0,NA,NA,NA,no,,,pock marked 5%,,2016,Y1
JSJ,33.80897,-116.77680 ,33.80898,-116.77680 ,T2,P5,7,97,26.5,3,,yes,9,6,3,123,6,0,NA,NA,NA,no,,,yellow 10%,,2016,Y1
JSJ,33.80897,-116.77680 ,33.80898,-116.77680 ,T2,P5,7,97,26.5,3,,yes,9,7,2,169,1,0,NA,NA,NA,no,,,yellow 80%,,2016,Y1
JSJ,33.80897,-116.77680 ,33.80898,-116.77680 ,T2,P5,7,97,26.5,3,,yes,9,8,4,112,8,0,NA,NA,NA,no,,,grasshopper 3%,,2016,Y1
JSJ,33.80897,-116.77680 ,33.80898,-116.77680 ,T2,P5,7,97,26.5,3,,yes,9,9,4,136,8,0,NA,NA,NA,no,,,"grasshopper 1%, yellow 10%",,2016,Y1
JSJ,33.80897,-116.77680 ,33.80898,-116.77680 ,T2,P5,7,98,45.5,5.5,,yes,2,1,4,115,7,0,NA,NA,NA,no,,,grasshopper 2%,seedlings outside ring counted as rosettes,2016,Y1
JSJ,33.80897,-116.77680 ,33.80898,-116.77680 ,T2,P5,7,98,45.5,5.5,,yes,2,2,2,41,2,0,NA,NA,NA,no,,,no,,2016,Y1
JSJ,33.80897,-116.77680 ,33.80898,-116.77680 ,T2,P6,4,99,12.5,10,,no,NA,NA,NA,NA,NA,NA,NA,NA,NA,NA,,,NA,gopher activity,2016,Y1
JSJ,33.80897,-116.77680 ,33.80898,-116.77680 ,T2,P3,12,110,30,9,,yes,1,1,8,154,14,0,NA,NA,NA,no,,,"pock marked 5%, grasshopper 40%",,2016,Y1
JSJ,33.80897,-116.77680 ,33.80898,-116.77680 ,T2,P1,1,213,NA,NA,,yes,1,1,3,166,7,0,NA,NA,NA,no,,,"pock marked 10%, grasshopper 10%",,2016,Y1
JSJ,33.80897,-116.77680 ,33.80898,-116.77680 ,T2,P1,1,214,NA,NA,,yes,2,1,3,110,6,0,NA,NA,NA,no,,,grasshopper 2%,,2016,Y1
JSJ,33.80897,-116.77680 ,33.80898,-116.77680 ,T2,P1,1,214,NA,NA,,yes,2,2,2,65,4,0,NA,NA,NA,no,,,no,,2016,Y1
JSJ,33.80897,-116.77680 ,33.80898,-116.77680 ,T2,P3,12,215,8.5,18,,yes,1,1,4,65,4,0,NA,NA,NA,no,,,yellow 5%,,2016,Y1
JSJ,33.80897,-116.77680 ,33.80898,-116.77680 ,T2,P3,12,216,32,12.5,,yes,1,1,4,150,8,0,NA,NA,NA,no,,,grasshopper 1%,,2016,Y1
JSJ,33.80897,-116.77680 ,33.80898,-116.77680 ,T2,P3,12,217,32,13,,yes,1,1,5,155,6,0,NA,NA,NA,no,,,no,,2016,Y1
JSJ,33.80897,-116.77680 ,33.80898,-116.77680 ,T2,P3,12,218,29.5,4,,yes,1,1,5,152,8,0,NA,NA,NA,no,,,no,,2016,Y1
JSJ,33.80897,-116.77680 ,33.80898,-116.77680 ,T2,P3,12,219,31,46.5,,yes,1,1,6,141,8,0,NA,NA,NA,no,,,"grasshopper 2%, stippling 4%, yellowing1%",,2016,Y1
JSJ,33.80897,-116.77680 ,33.80898,-116.77680 ,T2,P3,12,220,29.5,47.5,,yes,1,1,4,109,6,0,NA,NA,NA,no,,,brown 10%,,2016,Y1
JSJ,33.80897,-116.77680 ,33.80898,-116.77680 ,T2,P5,7,221,11,6.5,,yes,1,1,3,187,6,0,NA,NA,NA,no,,,brown 3%,,2016,Y1
JSJ,33.80897,-116.77680 ,33.80898,-116.77680 ,T3,P3,2,65,47.5,2,,no,NA,NA,NA,NA,NA,NA,NA,NA,NA,NA,,,NA,May have shifted position. May be the new 227,2016,Y1
JSJ,33.80897,-116.77680 ,33.80898,-116.77680 ,T3,P3,2,66,39,27.5,,yes,1,1,6,120,5,0,NA,NA,NA,no,,,no,,2016,Y1
JSJ,33.80897,-116.77680 ,33.80898,-116.77680 ,T3,P4,1,67,25.5,21,,yes,1,1,8,159,12,2,"91, 9","4, 2","early bolt, early bolt",yes,,,pock marked 5%,,2016,Y1
JSJ,33.80897,-116.77680 ,33.80898,-116.77680 ,T3,P4,1,69,23,33.5,,yes,1,1,8,241,11,2,"375, 259","14, 8","early bolt, early bolt",no,,,"pock marked 5%, grasshopper 10%",,2016,Y1
JSJ,33.80897,-116.77680 ,33.80898,-116.77680 ,T3,P11,0,70,25.5,19.5,,yes,1,1,7,102,11,1,7,4,early bolt,no,,,"deer 15%, brown 5%",,2016,Y1
JSJ,33.80897,-116.77680 ,33.80898,-116.77680 ,T3,P10,1,71,34,13,,no,NA,NA,NA,NA,NA,NA,NA,NA,NA,NA,,,NA,buried by gopher mound,2016,Y1
JSJ,33.80897,-116.77680 ,33.80898,-116.77680 ,T3,P8,6,72,24.5,38.5,,no,NA,NA,NA,NA,NA,NA,NA,NA,NA,NA,,,NA,,2016,Y1
JSJ,33.80897,-116.77680 ,33.80898,-116.77680 ,T3,P6,2,73,41.5,37,,no,NA,NA,NA,NA,NA,NA,NA,NA,NA,NA,,,NA,,2016,Y1
JSJ,33.80897,-116.77680 ,33.80898,-116.77680 ,T3,P7,0,74,3,17.5,,yes,5,1,3,61,5,0,NA,NA,NA,no,,,brown 2%,,2016,Y1
JSJ,33.80897,-116.77680 ,33.80898,-116.77680 ,T3,P7,0,74,3,17.5,,yes,5,2,2,45,3,0,NA,NA,NA,no,,,no,,2016,Y1
JSJ,33.80897,-116.77680 ,33.80898,-116.77680 ,T3,P7,0,74,3,17.5,,yes,5,3,4,89,6,0,NA,NA,NA,no,,,"grasshopper 20%, brown 5%",,2016,Y1
JSJ,33.80897,-116.77680 ,33.80898,-116.77680 ,T3,P7,0,74,3,17.5,,yes,5,4,3,84,4,0,NA,NA,NA,no,,,grasshopper 5%,,2016,Y1
JSJ,33.80897,-116.77680 ,33.80898,-116.77680 ,T3,P7,0,74,3,17.5,,yes,5,5,3,96,5,0,NA,NA,NA,no,,,"grasshopper 2%, brown 2%",,2016,Y1
JSJ,33.80897,-116.77680 ,33.80898,-116.77680 ,T3,P8,6,75,19.5,16,,yes,1,1,2,6,3,0,NA,NA,NA,no,,,grasshopper 98%,"tag missing; gopher presence; plant buried, only measured above ground parts",2016,Y1
JSJ,33.80897,-116.77680 ,33.80898,-116.77680 ,T3,P8,6,76,16.5,36,,yes,3,1,6,19,2,0,NA,NA,NA,no,,,grasshopper 90%,"main plant dead, but seedlings size plants around base may be clones. Plants to direct right and left",2016,Y1
JSJ,33.80897,-116.77680 ,33.80898,-116.77680 ,T3,P8,6,76,16.5,36,,yes,3,2,2,23,2,0,NA,NA,NA,no,,,grasshopper 80%,,2016,Y1
JSJ,33.80897,-116.77680 ,33.80898,-116.77680 ,T3,P8,6,76,16.5,36,,yes,3,3,4,11,3,0,NA,NA,NA,no,,,grasshopper 80%,,2016,Y1
JSJ,33.80897,-116.77680 ,33.80898,-116.77680 ,T3,P7,0,77,32.5,50,,yes,1,1,8,234,14,3,"12,  332, 419","6, 15, 18","early bolt, early bolt, 10%",yes,,,"yellow 10%, pock marked 4%",,2016,Y1
JSJ,33.80897,-116.77680 ,33.80898,-116.77680 ,T3,P7,0,78,28,40.5,,yes,2,1,4,110,7,0,NA,NA,NA,no,,,"grasshopper 10%, caterpillar 2%",,2016,Y1
JSJ,33.80897,-116.77680 ,33.80898,-116.77680 ,T3,P7,0,78,28,40.5,,yes,2,2,5,135,14,0,NA,NA,NA,no,,,"yellow 15%, grasshopper 20%",,2016,Y1
JSJ,33.80897,-116.77680 ,33.80898,-116.77680 ,T3,P1,11,79,28,42,223,no,NA,NA,NA,NA,NA,NA,NA,NA,NA,NA,,,NA,,2016,Y1
JSJ,33.80897,-116.77680 ,33.80898,-116.77680 ,T3,P1,11,80,5,15,,yes,1,1,10,199,8,0,NA,NA,NA,yes,,,"yellow 5%, pock marked 2%, malformed leaf 5%",,2016,Y1
JSJ,33.80897,-116.77680 ,33.80898,-116.77680 ,T3,P1,11,81,10.5,42,,no,NA,NA,NA,NA,NA,NA,NA,NA,NA,NA,,,NA,,2016,Y1
JSJ,33.80897,-116.77680 ,33.80898,-116.77680 ,T3,P1,11,82,41.5,20.5,,yes,1,1,2,38,1,0,NA,NA,NA,no,,,grasshopper 5%,3 seedlings outside ring may be connected,2016,Y1
JSJ,33.80897,-116.77680 ,33.80898,-116.77680 ,T3,P1,11,83,31,17.5,109,yes,1,1,9,206,10,2,"48, 206","5, 8","early bolt, early bolt",no,,,brown 2%,,2016,Y1
JSJ,33.80897,-116.77680 ,33.80898,-116.77680 ,T3,P2,2,84,6,24,,no,NA,NA,NA,NA,NA,NA,NA,NA,NA,NA,,,NA,,2016,Y1
JSJ,33.80897,-116.77680 ,33.80898,-116.77680 ,T3,P1,11,85,49.5,5,,yes,1,1,6,173,10,0,NA,NA,NA,no,,,no,,2016,Y1
JSJ,33.80897,-116.77680 ,33.80898,-116.77680 ,T3,P2,2,86,24,0,,yes,1,1,3,83,5,0,NA,NA,NA,no,,,pock marked 40%,suspected clone of plant not it the plot,2016,Y1
JSJ,33.80897,-116.77680 ,33.80898,-116.77680 ,T3,P2,2,87,22.5,46,,yes,2,1,4,115,8,0,NA,NA,NA,no,,,"caterpillar 2%, grasshopper 2%",,2016,Y1
JSJ,33.80897,-116.77680 ,33.80898,-116.77680 ,T3,P2,2,87,22.5,46,,yes,2,2,4,145,8,0,NA,NA,NA,no,,,brown 2%,,2016,Y1
JSJ,33.80897,-116.77680 ,33.80898,-116.77680 ,T3,P6,2,88,44.5,4.5,,no,NA,NA,NA,NA,NA,NA,NA,NA,NA,NA,,,NA,"tag missing, no plant in spot, assumed dead",2016,Y1
JSJ,33.80897,-116.77680 ,33.80898,-116.77680 ,T3,P6,2,89,14,31.5,,yes,1,1,5,58,4,0,NA,NA,NA,no,,,"deformed leaves, caterpillar 5%",,2016,Y1
JSJ,33.80897,-116.77680 ,33.80898,-116.77680 ,T3,P7,0,90,13.5,11.5,,yes,1,1,5,132,12,2,"11 ,2","4, 1","early bolt, early bolt",,,,"caterpillar 2%, grasshopper 3%",,2016,Y1
JSJ,33.80897,-116.77680 ,33.80898,-116.77680 ,T3,P6,2,91,42,44,,yes,3,1,3,159,11,0,NA,NA,NA,no,,,grasshopper 20%,the tag of 91 looks like it shifted. We moved it back ,2016,Y1
JSJ,33.80897,-116.77680 ,33.80898,-116.77680 ,T3,P6,2,91,42,44,,yes,3,2,5,122,9,0,NA,NA,NA,no,,,"yellow 10%, brown 5%, grasshopper 2%",,2016,Y1
JSJ,33.80897,-116.77680 ,33.80898,-116.77680 ,T3,P6,2,91,42,44,,yes,3,3,4,112,10,0,NA,NA,NA,no,,,brown 2%,,2016,Y1
JSJ,33.80897,-116.77680 ,33.80898,-116.77680 ,T3,P5,1,92,33,37.5,,yes,1,1,1,29,2,0,NA,NA,NA,no,,,yellow 5%,92 has only 1 small leaf and may be a seedling but could also be reminant of bigger plant,2016,Y1
JSJ,33.80897,-116.77680 ,33.80898,-116.77680 ,T3,P6,2,93,16.5,46.5,,yes,1,1,3,59,10,0,NA,NA,NA,no,,,pock marked 2%,,2016,Y1
JSJ,33.80897,-116.77680 ,33.80898,-116.77680 ,T3,P7,0,94,1.5,22.5,,no,NA,NA,NA,NA,NA,NA,NA,NA,NA,NA,,,NA,,2016,Y1
JSJ,33.80897,-116.77680 ,33.80898,-116.77680 ,T3,P6,2,100,49.5,45.5,,no,NA,NA,NA,NA,NA,NA,NA,NA,NA,NA,,,NA,,2016,Y1
JSJ,33.80897,-116.77680 ,33.80898,-116.77680 ,T3,P6,2,101,45.5,39.5,,yes,1,1,3,84,6,0,NA,NA,NA,no,,,grasshopper 2%,,2016,Y1
JSJ,33.80897,-116.77680 ,33.80898,-116.77680 ,T3,P7,0,102,40.5,47,,yes,3,1,5,123,11,1,177,9,early bolt,no,,,"grasshopper 1%, caterpillar 2%, yellow 4%",,2016,Y1
JSJ,33.80897,-116.77680 ,33.80898,-116.77680 ,T3,P7,0,102,40.5,47,,yes,3,2,3,121,4,0,NA,NA,NA,no,,,pock marked 1%,,2016,Y1
JSJ,33.80897,-116.77680 ,33.80898,-116.77680 ,T3,P7,0,102,40.5,47,,yes,3,3,7,234,15,3,"21, 361, 407","5, 15, 15","early bolt, early bolt, early bolt",no,,,"grasshopper 2%, pock marked 2%",,2016,Y1
JSJ,33.80897,-116.77680 ,33.80898,-116.77680 ,T3,P7,0,103,25.5,25.5,,yes,1,1,6,135,9,2,"255, 153","11, 8","25%, early bolt",no,,,"grasshopper 2%, caterpiller 2%",,2016,Y1
JSJ,33.80897,-116.77680 ,33.80898,-116.77680 ,T3,P7,0,104,24,23,,yes,1,1,6,181,10,2,"351, 279","14, 9","50%, early bolt",no,,,pock marked 15%,,2016,Y1
JSJ,33.80897,-116.77680 ,33.80898,-116.77680 ,T3,P5,1,106,12.5,1,,yes,5,1,4,93,4,0,NA,NA,NA,no,,,no,,2016,Y1
JSJ,33.80897,-116.77680 ,33.80898,-116.77680 ,T3,P5,1,106,12.5,1,,yes,5,2,5,116,4,0,NA,NA,NA,no,,,yellow 20%,,2016,Y1
JSJ,33.80897,-116.77680 ,33.80898,-116.77680 ,T3,P5,1,106,12.5,1,,yes,5,3,3,84,2,0,NA,NA,NA,no,,,deformed leaf 20%,,2016,Y1
JSJ,33.80897,-116.77680 ,33.80898,-116.77680 ,T3,P5,1,106,12.5,1,,yes,5,4,4,72,3,0,NA,NA,NA,no,,,pock marked 20%,,2016,Y1
JSJ,33.80897,-116.77680 ,33.80898,-116.77680 ,T3,P5,1,106,12.5,1,,yes,5,5,10,134,4,0,NA,NA,NA,no,,,no,,2016,Y1
JSJ,33.80897,-116.77680 ,33.80898,-116.77680 ,T3,P5,1,107,22,28.5,,yes,1,1,9,143,8,1,62,4,early bolt,no,,,"pock marked 5%, caterpillar 2%",,2016,Y1
JSJ,33.80897,-116.77680 ,33.80898,-116.77680 ,T3,P2,2,108,41.5,5.5,,yes,2,1,6,68,11,0,NA,NA,NA,no,,,deformed leaf,,2016,Y1
JSJ,33.80897,-116.77680 ,33.80898,-116.77680 ,T3,P2,2,108,41.5,5.5,,yes,2,2,6,40,10,0,NA,NA,NA,no,,,"brown 3%, deformed leaf",,2016,Y1
JSJ,33.80897,-116.77680 ,33.80898,-116.77680 ,T3,P1,11,109,31.5,21,83,yes,1,1,6,177,9,2,"8, 171","5, 9","early bolt, early bolt",no,,,brown 3%,,2016,Y1
JSJ,33.80897,-116.77680 ,33.80898,-116.77680 ,T3,P11,0,111,19.5,2,,no,NA,NA,NA,NA,NA,NA,NA,NA,NA,NA,,,NA,,2016,Y1
JSJ,33.80897,-116.77680 ,33.80898,-116.77680 ,T3,P2,2,222,11,2,,yes,1,1,5,100,5,0,NA,NA,NA,no,,,yellow 10%,,2016,Y1
JSJ,33.80897,-116.77680 ,33.80898,-116.77680 ,T3,P1,11,223,32,42,79,yes,1,1,4,107,4,0,NA,NA,NA,no,,,"brown 40%, grasshopper, 5%",,2016,Y1
JSJ,33.80897,-116.77680 ,33.80898,-116.77680 ,T3,P1,11,224,14.5,22.5,,yes,2,1,5,143,5,0,NA,NA,NA,no,,,no,,2016,Y1
JSJ,33.80897,-116.77680 ,33.80898,-116.77680 ,T3,P1,11,224,14.5,22.5,,yes,2,2,3,113,5,0,NA,NA,NA,no,,,no,,2016,Y1
JSJ,33.80897,-116.77680 ,33.80898,-116.77680 ,T3,P2,2,225,7.5,24.5,84,yes,7,1,3,107,6,0,NA,NA,NA,no,,,"grasshopper 1%, deformed leaf 1%, pock marked 2%",gopher activity,2016,Y1
JSJ,33.80897,-116.77680 ,33.80898,-116.77680 ,T3,P2,2,225,7.5,24.5,,yes,7,2,7,115,5,0,NA,NA,NA,no,,,pock marked 10%,,2016,Y1
JSJ,33.80897,-116.77680 ,33.80898,-116.77680 ,T3,P2,2,225,7.5,24.5,,yes,7,3,2,117,5,0,NA,NA,NA,no,,,pock marked 5%,,2016,Y1
JSJ,33.80897,-116.77680 ,33.80898,-116.77680 ,T3,P2,2,225,7.5,24.5,,yes,7,4,4,175,5,0,NA,NA,NA,no,,,no,This rosette was buried,2016,Y1
JSJ,33.80897,-116.77680 ,33.80898,-116.77680 ,T3,P2,2,225,7.5,24.5,,yes,7,5,3,74,5,0,NA,NA,NA,no,,,no,,2016,Y1
JSJ,33.80897,-116.77680 ,33.80898,-116.77680 ,T3,P2,2,225,7.5,24.5,,yes,7,6,5,33,2,0,NA,NA,NA,no,,,no,,2016,Y1
JSJ,33.80897,-116.77680 ,33.80898,-116.77680 ,T3,P2,2,225,7.5,24.5,,yes,7,7,3,5,1,0,NA,NA,NA,no,,,no,,2016,Y1
JSJ,33.80897,-116.77680 ,33.80898,-116.77680 ,T3,P2,2,226,24,4.5,87,yes,1,1,3,129,8,0,NA,NA,NA,no,,,leaf miner 5%,,2016,Y1
JSJ,33.80897,-116.77680 ,33.80898,-116.77680 ,T3,P3,2,227,44.5,1.5,,yes,1,1,3,67,6,0,NA,NA,NA,no,,,"pock marked 5%, grasshopper 10%",,2016,Y1
JSJ,33.80897,-116.77680 ,33.80898,-116.77680 ,T3,P3,2,228,46,32,,yes,1,1,5,91,7,0,NA,NA,NA,no,,,grasshopper 30%,This plant may be 68!!,2016,Y1
JSJ,33.80897,-116.77680 ,33.80898,-116.77680 ,T3,P3,2,229,38,29,,yes,1,1,3,105,4,0,NA,NA,NA,no,,,grasshopper 20%,,2016,Y1
JSJ,33.80897,-116.77680 ,33.80898,-116.77680 ,T3,P4,1,230,3.5,25,,yes,1,1,3,58,4,0,NA,NA,NA,no,,,grasshopper 40%,,2016,Y1
JSJ,33.80897,-116.77680 ,33.80898,-116.77680 ,T3,P5,1,231,33,42,,yes,2,1,3,104,6,0,NA,NA,NA,no,,,no,,2016,Y1
JSJ,33.80897,-116.77680 ,33.80898,-116.77680 ,T3,P5,1,231,33,42,,yes,2,2,5,106,11,0,NA,NA,NA,no,,,pock marked 5%,,2016,Y1
JSJ,33.80897,-116.77680 ,33.80898,-116.77680 ,T3,P6,2,232,NA,NA,,yes,9,1,2,69,2,0,NA,NA,NA,no,,,grasshopper 2%,,2016,Y1
JSJ,33.80897,-116.77680 ,33.80898,-116.77680 ,T3,P6,2,232,NA,NA,,yes,9,2,2,74,8,0,NA,NA,NA,no,,,pock marked 2%,,2016,Y1
JSJ,33.80897,-116.77680 ,33.80898,-116.77680 ,T3,P6,2,232,NA,NA,,yes,9,3,3,85,9,0,NA,NA,NA,no,,,no,,2016,Y1
JSJ,33.80897,-116.77680 ,33.80898,-116.77680 ,T3,P6,2,232,NA,NA,,yes,9,4,3,94,6,0,NA,NA,NA,no,,,grasshopper 10%,,2016,Y1
JSJ,33.80897,-116.77680 ,33.80898,-116.77680 ,T3,P6,2,232,NA,NA,,yes,9,5,5,104,6,0,NA,NA,NA,no,,,"grasshopper 20%, yellow 10%",,2016,Y1
JSJ,33.80897,-116.77680 ,33.80898,-116.77680 ,T3,P6,2,232,NA,NA,,yes,9,6,5,110,9,0,NA,NA,NA,no,,,grasshopper 10%,,2016,Y1
JSJ,33.80897,-116.77680 ,33.80898,-116.77680 ,T3,P6,2,232,NA,NA,,yes,9,7,5,152,10,0,NA,NA,NA,no,,,grasshopper 5%,,2016,Y1
JSJ,33.80897,-116.77680 ,33.80898,-116.77680 ,T3,P6,2,232,NA,NA,,yes,9,8,3,80,4,0,NA,NA,NA,no,,,"yellow 30%, grasshopper 10%",,2016,Y1
JSJ,33.80897,-116.77680 ,33.80898,-116.77680 ,T3,P6,2,232,NA,NA,,yes,9,9,2,91,6,0,NA,NA,NA,no,,,"pock marked 5%, yellow 1%",,2016,Y1
JSJ,33.80897,-116.77680 ,33.80898,-116.77680 ,T3,P6,2,233,16,43.5,,yes,1,1,3,45,4,0,NA,NA,NA,no,,,grasshopper 20%,,2016,Y1
JSJ,33.80897,-116.77680 ,33.80898,-116.77680 ,T3,P6,2,234,19,16,,yes,1,1,4,126,9,0,NA,NA,NA,no,,,"brown 5%, deformed leaves 5%",,2016,Y1
JSJ,33.80897,-116.77680 ,33.80898,-116.77680 ,T3,P6,2,235,15,46,,yes,1,1,3,65,6,0,NA,NA,NA,no,,,"grasshopper 5%, pock marked 2%",,2016,Y1
JSJ,33.80897,-116.77680 ,33.80898,-116.77680 ,T3,P7,0,236,NA,NA,74,yes,3,1,2,69,4,0,NA,NA,NA,no,,,no,,2016,Y1
JSJ,33.80897,-116.77680 ,33.80898,-116.77680 ,T3,P7,0,236,NA,NA,74,yes,3,2,4,150,11,0,NA,NA,NA,no,,,"grasshopper 10%, pock marked 2%",,2016,Y1
JSJ,33.80897,-116.77680 ,33.80898,-116.77680 ,T3,P7,0,236,NA,NA,74,yes,3,3,3,110,9,0,NA,NA,NA,no,,,grasshopper 20%,,2016,Y1
JSJ,33.80897,-116.77680 ,33.80898,-116.77680 ,T3,P7,0,237,NA,NA,,yes,1,1,4,115,11,0,NA,NA,NA,no,,,"grasshopper 2%, brown 2%",,2016,Y1
JSJ,33.80897,-116.77680 ,33.80898,-116.77680 ,T3,P7,0,238,NA,NA,,yes,1,1,6,185,14,1,230,12,early bolt,no,,,"yellow 15%, grasshopper 2%",,2016,Y1
JSJ,33.80897,-116.77680 ,33.80898,-116.77680 ,T3,P8,6,239,11.5,16,,yes,1,1,3,99,7,0,NA,NA,NA,no,,,grasshopper 5%,,2016,Y1
JSJ,33.80897,-116.77680 ,33.80898,-116.77680 ,T3,P8,6,240,18,14,,yes,1,1,3,55,3,0,NA,NA,NA,no,,,grasshopper 30%,,2016,Y1
JSJ,33.80897,-116.77680 ,33.80898,-116.77680 ,T3,P8,6,241,22.5,15,,yes,2,1,3,80,6,0,NA,NA,NA,no,,,grasshopper 50%,,2016,Y1
JSJ,33.80897,-116.77680 ,33.80898,-116.77680 ,T3,P8,6,241,22.5,15,,yes,2,2,3,10,2,0,NA,NA,NA,no,,,grasshopper 80%,,2016,Y1
JSJ,33.80897,-116.77680 ,33.80898,-116.77680 ,T3,P9,1,242,4.5,26,,yes,1,1,3,40,3,0,NA,NA,NA,no,,,grasshopper 30%,,2016,Y1
